{
  "project_info": {
    "project_number": "34452559215",
    "firebase_url": "https://eq-world.firebaseio.com",
    "project_id": "eq-world",
    "storage_bucket": "eq-world.appspot.com"
  },
  "client": [
    {
      "client_info": {
        "mobilesdk_app_id": "1:34452559215:android:bac1a02886c91430",
        "android_client_info": {
          "package_name": "com.eq.eq_world"
        }
      },
      "oauth_client": [
        {
          "client_id": "34452559215-a9apls533h2jlp4quqp092t9l2lt3s1c.apps.googleusercontent.com",
          "client_type": 1,
          "android_info": {
            "package_name": "com.eq.eq_world",
            "certificate_hash": "8ddb1c6a3e01d46ee5fb1ec1f4e96d5f1c4d701e"
          }
        },
        {
          "client_id": "34452559215-d3enf2kris42dq7dv13slf3cqneacq03.apps.googleusercontent.com",
          "client_type": 3
        }
      ],
      "api_key": [
        {
          "current_key": "AIzaSyDG_PcIgTERZveI--_XItBzFC4JWiphWMs"
        }
      ],
      "services": {
        "appinvite_service": {
          "other_platform_oauth_client": [
            {
              "client_id": "34452559215-d3enf2kris42dq7dv13slf3cqneacq03.apps.googleusercontent.com",
              "client_type": 3
            }
          ]
        }
      }
    }
  ],
  "configuration_version": "1"
}